{"cameraMode":{"drawMode":0,"name":"Shaded","section":"Shading Mode"},"sceneLighting":false,"audioPlay":false,"sceneViewState":{"showFog":true,"showMaterialUpdate":true,"showSkybox":false,"showFlares":true,"showImageEffects":true,"showParticleSystems":true},"in2DMode":false,"pivot":{"x":82.62100219726563,"y":-16.848955154418947,"z":-54.89820861816406},"rotation":{"x":0.26607662439346316,"y":-0.6374183297157288,"z":0.2501295506954193,"w":0.678568422794342},"size":140.1292266845703,"orthographic":false}