{"cameraMode":{"drawMode":0,"name":"Shaded","section":"Shading Mode"},"sceneLighting":true,"audioPlay":false,"sceneViewState":{"showFog":true,"showMaterialUpdate":true,"showSkybox":true,"showFlares":true,"showImageEffects":true,"showParticleSystems":true},"in2DMode":false,"pivot":{"x":72.75517272949219,"y":57.281532287597659,"z":-84.53035736083985},"rotation":{"x":0.0367150604724884,"y":0.9528090953826904,"z":-0.2732963263988495,"w":0.12860721349716187},"size":6.345235347747803,"orthographic":false}