{"cameraMode":{"drawMode":0,"name":"Shaded","section":"Shading Mode"},"sceneLighting":true,"audioPlay":false,"sceneViewState":{"showFog":true,"showMaterialUpdate":true,"showSkybox":true,"showFlares":true,"showImageEffects":true,"showParticleSystems":true},"in2DMode":false,"pivot":{"x":60.99959182739258,"y":40.27517318725586,"z":-55.23758316040039},"rotation":{"x":0.002336041070520878,"y":0.9956127405166626,"z":-0.09015925973653794,"w":0.025690266862511636},"size":30.22283172607422,"orthographic":false}