{"cameraMode":{"drawMode":0,"name":"Shaded","section":"Shading Mode"},"sceneLighting":false,"audioPlay":false,"sceneViewState":{"showFog":true,"showMaterialUpdate":true,"showSkybox":false,"showFlares":true,"showImageEffects":true,"showParticleSystems":true},"in2DMode":false,"pivot":{"x":26.695634841918947,"y":-10.386093139648438,"z":-46.82399368286133},"rotation":{"x":0.2763565480709076,"y":-0.5842127203941345,"z":0.221213236451149,"w":0.7304152846336365},"size":363.20391845703127,"orthographic":false}