{"cameraMode":{"drawMode":0,"name":"Shaded","section":"Shading Mode"},"sceneLighting":true,"audioPlay":false,"sceneViewState":{"showFog":true,"showMaterialUpdate":true,"showSkybox":true,"showFlares":true,"showImageEffects":true,"showParticleSystems":true},"in2DMode":false,"pivot":{"x":85.46947479248047,"y":31.54436683654785,"z":-165.85227966308595},"rotation":{"x":-0.0005627940408885479,"y":-0.9938138127326965,"z":0.11259251087903977,"w":-0.007197598926723003},"size":54.252445220947269,"orthographic":false}