{"cameraMode":{"drawMode":0,"name":"Shaded","section":"Shading Mode"},"sceneLighting":true,"audioPlay":false,"sceneViewState":{"showFog":true,"showMaterialUpdate":true,"showSkybox":true,"showFlares":true,"showImageEffects":true,"showParticleSystems":true},"in2DMode":false,"pivot":{"x":97.72000122070313,"y":39.39786148071289,"z":-127.97000122070313},"rotation":{"x":-0.156980961561203,"y":-0.5453538298606873,"z":0.10397548973560333,"w":-0.8168044090270996},"size":9.172479629516602,"orthographic":false}