{"cameraMode":{"drawMode":0,"name":"Shaded","section":"Shading Mode"},"sceneLighting":true,"audioPlay":false,"sceneViewState":{"showFog":true,"showMaterialUpdate":true,"showSkybox":true,"showFlares":true,"showImageEffects":true,"showParticleSystems":true},"in2DMode":false,"pivot":{"x":43.47404861450195,"y":45.2935905456543,"z":-127.65019226074219},"rotation":{"x":-0.04254315048456192,"y":0.8477866053581238,"z":0.06848052889108658,"w":0.5245869755744934},"size":6.345235347747803,"orthographic":false}