{"cameraMode":{"drawMode":0,"name":"Shaded","section":"Shading Mode"},"sceneLighting":true,"audioPlay":false,"sceneViewState":{"showFog":true,"showMaterialUpdate":true,"showSkybox":true,"showFlares":true,"showImageEffects":true,"showParticleSystems":true},"in2DMode":false,"pivot":{"x":114.86368560791016,"y":64.43549346923828,"z":-131.02960205078126},"rotation":{"x":-0.033104415982961658,"y":0.9669758081436157,"z":0.1711602658033371,"w":0.18708929419517518},"size":56.64958190917969,"orthographic":false}