{"cameraMode":{"drawMode":0,"name":"Shaded","section":"Shading Mode"},"sceneLighting":true,"audioPlay":false,"sceneViewState":{"showFog":false,"showMaterialUpdate":false,"showSkybox":false,"showFlares":false,"showImageEffects":false,"showParticleSystems":false},"in2DMode":false,"pivot":{"x":157.49273681640626,"y":15.273659706115723,"z":-329.7908630371094},"rotation":{"x":-0.021814627572894098,"y":0.9587768316268921,"z":-0.07668361067771912,"w":-0.2727968692779541},"size":10.012723922729493,"orthographic":false}