{"cameraMode":{"drawMode":0,"name":"Shaded","section":"Shading Mode"},"sceneLighting":false,"audioPlay":false,"sceneViewState":{"showFog":true,"showMaterialUpdate":true,"showSkybox":false,"showFlares":true,"showImageEffects":true,"showParticleSystems":true},"in2DMode":false,"pivot":{"x":0.03564532846212387,"y":0.07599687576293946,"z":-0.13086974620819093},"rotation":{"x":-0.006540688686072826,"y":-0.9831674098968506,"z":0.03724316507577896,"w":-0.1801401823759079},"size":1.8328518867492676,"orthographic":false}