{"cameraMode":{"drawMode":0,"name":"Shaded","section":"Shading Mode"},"sceneLighting":false,"audioPlay":false,"sceneViewState":{"showFog":true,"showMaterialUpdate":true,"showSkybox":false,"showFlares":true,"showImageEffects":true,"showParticleSystems":true},"in2DMode":false,"pivot":{"x":99.28695678710938,"y":40.25471496582031,"z":-128.0423126220703},"rotation":{"x":-0.19243411719799043,"y":-0.04467666149139404,"z":0.009074745699763298,"w":-0.9805009365081787},"size":0.3736066222190857,"orthographic":false}