{"cameraMode":{"drawMode":0,"name":"Shaded","section":"Shading Mode"},"sceneLighting":true,"audioPlay":false,"sceneViewState":{"showFog":true,"showMaterialUpdate":true,"showSkybox":true,"showFlares":true,"showImageEffects":true,"showParticleSystems":true},"in2DMode":false,"pivot":{"x":77.1587142944336,"y":23.586759567260743,"z":-98.18329620361328},"rotation":{"x":-0.4386046826839447,"y":0.08829192072153092,"z":-0.04316089674830437,"w":-0.8935044407844544},"size":54.252445220947269,"orthographic":false}