{"cameraMode":{"drawMode":0,"name":"Shaded","section":"Shading Mode"},"sceneLighting":true,"audioPlay":false,"sceneViewState":{"showFog":false,"showMaterialUpdate":false,"showSkybox":false,"showFlares":false,"showImageEffects":false,"showParticleSystems":false},"in2DMode":false,"pivot":{"x":177.52720642089845,"y":13.235733985900879,"z":-319.3749084472656},"rotation":{"x":0.08688092231750488,"y":0.6058907508850098,"z":-0.06679725646972656,"w":0.7879815697669983},"size":20.289966583251954,"orthographic":false}