{"cameraMode":{"drawMode":0,"name":"Shaded","section":"Shading Mode"},"sceneLighting":true,"audioPlay":false,"sceneViewState":{"showFog":false,"showMaterialUpdate":false,"showSkybox":false,"showFlares":false,"showImageEffects":false,"showParticleSystems":false},"in2DMode":false,"pivot":{"x":154.6898956298828,"y":13.390081405639649,"z":-310.5479736328125},"rotation":{"x":-0.17399635910987855,"y":0.42071351408958437,"z":-0.08258567750453949,"w":-0.8865253925323486},"size":15.543065071105957,"orthographic":false}